<?xml version="1.0" encoding="UTF-8" standalone="no"?>
<oneoff_inventory>
    <opack_version version="14.1.0.1.9"/>
    <patch_description>One-off</patch_description>
    <patch_id number="28264679"/>
    <unique_patch_id>23851646</unique_patch_id>
    <minimum_opatch_version>13.9.2.0.0</minimum_opatch_version>
    <cannot_autorollback>false</cannot_autorollback>
    <date_of_patch day="12" month="Oct" time="23:17:57 hrs" year="2020" zone="PST8PDT"/>
    <base_bugs>
        <bug description="STANDALONE BI PUBLISHER INSTALLATION FAIL ON 12.2.1.4" number="28264679"/>
    </base_bugs>
    <required_components>
        <component internal_name="oracle.bi.bipsuitetemplate" opt_req="O" version="12.2.1.3.0"/>
    </required_components>
    <os_platforms>
        <platform id="0" name="Generic Platform 1"/>
    </os_platforms>
    <executables/>
    <instance_shutdown>true</instance_shutdown>
    <instance_shutdown_message/>
    <online_rac_installable>false</online_rac_installable>
    <run_as_root>false</run_as_root>
    <sql_migrate>false</sql_migrate>
    <wls_prereq_oneoffs/>
    <prereq_oneoffs/>
    <overlay_oneoffs/>
    <patch_type sub_type="update" value="singleton"/>
    <patch_language value="en"/>
    <product_family value="fmw"/>
    <patching_model value="one-off"/>
    <auto>false</auto>
    <translatable>false</translatable>
    <application_dirs/>
    <patch_characteristics>
        <content_type value="generic"/>
    </patch_characteristics>
</oneoff_inventory>
